{"accuracy": 0.8333333333333334, "f1": 0.8201438848920863}