{"accuracy": 0.8733333333333333, "f1": 0.8613138686131386}