{"accuracy": 0.9666666666666667, "f1": 0.9666666666666667}