{"accuracy": 0.8833333333333333, "f1": 0.8923076923076922}